
INSERT INTO instructor (FirstName, LastName, email, username, Birthday, Password_instr)
VALUES
('Ahmed', 'Mohamed', 'ahmedmohamed@instructor.cis.eg', 'ahmedmohamed', '1995-01-01', 'password1'),
('Mohamed', 'Ali', 'ohamedali@instructor.cis.eg', 'ohamedali', '1996-02-02', 'password2'),
('Ali', 'Hassan', 'alihassan@instructor.cis.eg', 'alihassan', '1997-03-03', 'password3'),
('Hassan', 'Ibrahim', 'hassanibrahim@instructor.cis.eg', 'hassanibrahim', '1998-04-04', 'password4'),
('Ibrahim', 'Abdel', 'ibrahimabdel@instructor.cis.eg', 'ibrahimabdel', '1999-05-05', 'password5'),
('Abdel', 'Rahman', 'abdelrahman@instructor.cis.eg', 'abdelrahman', '2000-06-06', 'password6'),
('Rahman', 'Mohamed', 'rahmanmohamed@instructor.cis.eg', 'rahmanmohamed', '2001-07-07', 'password7'),
('Mohamed', 'Ahmed', 'ohamedahmed@instructor.cis.eg', 'ohamedahmed', '2002-08-08', 'password8'),
('Ahmed', 'Ali', 'ahmedali@instructor.cis.eg', 'ahmedali', '2003-09-09', 'password9'),
('Ali', 'Hassan', 'alihassan@instructor.cis.eg', 'alihassan', '2004-10-10', 'password10'),
('Hassan', 'Ibrahim', 'hassanibrahim@instructor.cis.eg', 'hassanibrahim', '2005-11-11', 'password11'),
('Ibrahim', 'Abdel', 'ibrahimabdel@instructor.cis.eg', 'ibrahimabdel', '2006-12-12', 'password12'),
	('Abdel', 'Rahman', 'abdelrahman@instructor.cis.eg', 'abdelrahman', '2007-01-01', 'password13'),
('Rahman', 'Mohamed', 'rahmanmohamed@instructor.cis.eg', 'rahmanmohamed', '2008-02-02', 'password14'),
('Mohamed', 'Ahmed', 'ohamedahmed@instructor.cis.eg', 'ohamedahmed', '2009-03-03', 'password15'),
('Ahmed', 'Ali', 'ahmedali@instructor.cis.eg', 'ahmedali', '2010-04-04', 'password16'),
('Ali', 'Hassan', 'alihassan@instructor.cis.eg', 'alihassan', '2011-05-05', 'password17'),
('Hassan', 'Ibrahim', 'hassanibrahim@instructor.cis.eg', 'hassanibrahim', '2012-06-06', 'password18'),
('Ibrahim', 'Abdel', 'ibrahimabdel@instructor.cis.eg', 'ibrahimabdel', '2013-07-07', 'password19'),
('Abdel', 'Rahman', 'abdelrahman@instructor.cis.eg', 'abdelrahman', '2014-08-08', 'password20'),
('Rahman', 'Mohamed', 'rahmanmohamed@instructor.cis.eg', 'rahmanmohamed', '2015-09-09', 'password21'),
('Mohamed', 'Ahmed', 'ohamedahmed@instructor.cis.eg', 'ohamedahmed', '2016-10-10', 'password22'),
('Ahmed', 'Ali', 'ahmedali@instructor.cis.eg', 'ahmedali', '2017-11-11', 'password23'),
('Ali', 'Hassan', 'alihassan@instructor.cis.eg', 'alihassan', '2018-12-12', 'password24'),
('Hassan', 'Ibrahim', 'hassanibrahim@instructor.cis.eg', 'hassanibrahim', '2019-01-01', 'password25'),
('Ibrahim', 'Abdel', 'ibrahimabdel@instructor.cis.eg', 'ibrahimabdel', '2020-02-02', 'password26'),
('Abdel', 'Rahman', 'abdelrahman@instructor.cis.eg', 'abdelrahman', '2021-03-03', 'password27'),
('Rahman', 'Mohamed', 'rahmanmohamed@instructor.cis.eg', 'rahmanmohamed', '2022-04-04', 'password28'),
('Mohamed', 'Ahmed', 'ohamedahmed@instructor.cis.eg', 'ohamedahmed', '2023-05-05', 'password29'),
('Ahmed', 'Ali', 'ahmedali@instructor.cis.eg', 'ahmedali', '2024-06-06', 'password30'),
('Ali', 'Hassan', 'alihassan@instructor.cis.eg', 'alihassan', '2025-07-07', 'password31'),
('Hassan', 'Ibrahim', 'hassanibrahim@instructor.cis.eg', 'hassanibrahim', '2026-08-08', 'password32'),
('Ibrahim', 'Abdel', 'ibrahimabdel@instructor.cis.eg', 'ibrahimabdel', '2027-09-09', 'password33'),
('Abdel', 'Rahman', 'abdelrahman@instructor.cis.eg', 'abdelrahman', '2028-10-10', 'password34'),
('Rahman', 'Mohamed', 'rahmanmohamed@instructor.cis.eg', 'rahmanmohamed', '2029-11-11', 'password35'),
('Mohamed', 'Ahmed', 'ohamedahmed@instructor.cis.eg', 'ohamedahmed', '2030-12-12', 'password36'),
('Ahmed', 'Ali', 'ahmedali@instructor.cis.eg', 'ahmedali', '2031-01-01', 'password37'),
('Ali', 'Hassan', 'alihassan@instructor.cis.eg', 'alihassan', '2032-02-02', 'password38'),
('Hassan', 'Ibrahim', 'hassanibrahim@instructor.cis.eg', 'hassanibrahim', '2033-03-03', 'password39'),
('Ibrahim', 'Abdel', 'ibrahimabdel@instructor.cis.eg', 'ibrahimabdel', '2034-04-04', 'password40'),
('Abdel', 'Rahman', 'abdelrahman@instructor.cis.eg', 'abdelrahman', '2035-05-05', 'password41'),
('Rahman', 'Mohamed', 'rahmanmohamed@instructor.cis.eg', 'rahmanmohamed', '2036-06-06', 'password42'),
('Mohamed', 'Ahmed', 'ohamedahmed@instructor.cis.eg', 'ohamedahmed', '2037-07-07', 'password43'),
('Ahmed', 'Ali', 'ahmedali@instructor.cis.eg', 'ahmedali', '2038-08-08', 'password44'),
('Ali', 'Hassan', 'alihassan@instructor.cis.eg', 'alihassan', '2039-09-09', 'password45'),
('Hassan', 'Ibrahim', 'hassanibrahim@instructor.cis.eg', 'hassanibrahim', '2040-10-10', 'password46'),
('Ibrahim', 'Abdel', 'ibrahimabdel@instructor.cis.eg', 'ibrahimabdel', '2041-11-11', 'password47'),
('Abdel', 'Rahman', 'abdelrahman@instructor.cis.eg', 'abdelrahman', '2042-12-12', 'password48'),
('Rahman', 'Mohamed', 'rahmanmohamed@instructor.cis.eg', 'rahmanmohamed', '2043-01-01', 'password49'),
('Mohamed', 'Ahmed', 'ohamedahmed@instructor.cis.eg', 'ohamedahmed', '2044-02-02', 'password50');

INSERT INTO adminn (FirstName, LastName, email, username, RegisterDay, Password_admin)
VALUES
('Ahmed', 'Mohamed', 'ahmedmohamed@admin.cis.eg', 'ahmedmohamed', '2020-01-01', 'password1'),
('Mohamed', 'Ali', 'ohamedali@admin.cis.eg', 'ohamedali', '2021-02-02', 'password2'),
('Ali', 'Hassan', 'alihassan@admin.cis.eg', 'alihassan', '2022-03-03', 'password3'),
('Hassan', 'Ibrahim', 'hassanibrahim@admin.cis.eg', 'hassanibrahim', '2023-04-04', 'password4'),
('Ibrahim', 'Abdel', 'ibrahimabdel@admin.cis.eg', 'ibrahimabdel', '2024-05-05', 'password5'),
('Abdel', 'Rahman', 'abdelrahman@admin.cis.eg', 'abdelrahman', '2025-06-06', 'password6'),
('Rahman', 'Mohamed', 'rahmanmohamed@admin.cis.eg', 'rahmanmohamed', '2026-07-07', 'password7'),
('Mohamed', 'Ahmed', 'ohamedahmed@admin.cis.eg', 'ohamedahmed', '2027-08-08', 'password8'),
('Ahmed', 'Ali', 'ahmedali@admin.cis.eg', 'ahmedali', '2028-09-09', 'password9'),
('Ali', 'Hassan', 'alihassan@admin.cis.eg', 'alihassan', '2029-10-10', 'password10'),
('Hassan', 'Ibrahim', 'hassanibrahim@admin.cis.eg', 'hassanibrahim', '2030-11-11', 'password11'),
('Ibrahim', 'Abdel', 'ibrahimabdel@admin.cis.eg', 'ibrahimabdel', '2031-12-12', 'password12'),
('Abdel', 'Rahman', 'abdelrahman@admin.cis.eg', 'abdelrahman', '2032-01-01', 'password13'),
('Rahman', 'Mohamed', 'rahmanmohamed@admin.cis.eg', 'rahmanmohamed', '2033-02-02', 'password14'),
('Mohamed', 'Ahmed', 'ohamedahmed@admin.cis.eg', 'ohamedahmed', '2034-03-03', 'password15'),
('Ahmed', 'Ali', 'ahmedali@admin.cis.eg', 'ahmedali', '2035-04-04', 'password16'),
('Ali', 'Hassan', 'alihassan@admin.cis.eg', 'alihassan', '2036-05-05', 'password17'),
('Hassan', 'Ibrahim', 'hassanibrahim@admin.cis.eg', 'hassanibrahim', '2037-06-06', 'password18'),
('Ibrahim', 'Abdel', 'ibrahimabdel@admin.cis.eg', 'ibrahimabdel', '2038-07-07', 'password19'),
('Abdel', 'Rahman', 'abdelrahman@admin.cis.eg', 'abdelrahman', '2039-08-08', 'password20'),
('Rahman', 'Mohamed', 'rahmanmohamed@admin.cis.eg', 'rahmanmohamed', '2040-09-09', 'password21'),
('Mohamed', 'Ahmed', 'ohamedahmed@admin.cis.eg', 'ohamedahmed', '2041-10-10', 'password22'),
('Ahmed', 'Ali', 'ahmedali@admin.cis.eg', 'ahmedali', '2042-11-11', 'password23'),
('Ali', 'Hassan', 'alihassan@admin.cis.eg', 'alihassan', '2043-12-12', 'password24'),
('Hassan', 'Ibrahim', 'hassanibrahim@admin.cis.eg', 'hassanibrahim', '2044-01-01', 'password25'),
('Ibrahim', 'Abdel', 'ibrahimabdel@admin.cis.eg', 'ibrahimabdel', '2045-02-02', 'password26'),
('Abdel', 'Rahman', 'abdelrahman@admin.cis.eg', 'abdelrahman', '2046-03-03', 'password27'),
('Rahman', 'Mohamed', 'rahmanmohamed@admin.cis.eg', 'rahmanmohamed', '2047-04-04', 'password28'),
('Mohamed', 'Ahmed', 'ohamedahmed@admin.cis.eg', 'ohamedahmed', '2048-05-05', 'password29'),
('Ahmed', 'Ali', 'ahmedali@admin.cis.eg', 'ahmedali', '2049-06-06', 'password30'),
('Ali', 'Hassan', 'alihassan@admin.cis.eg', 'alihassan', '2050-07-07', 'password31');
 INSERT INTO Student (FirstName, LastName, email, username, Birthday, RegisterDay, Password_stud, CurrentLevel)
VALUES
('Ahmed', 'Mohamed', 'ahmedmohamed1@student.cis.eg', 'ahmedmohamed1', '1995-01-01', '2020-01-01', 'password1', 'Freshman'),
('Mohamed', 'Ali', 'ohamedali2@student.cis.eg', 'ohamedali2', '1996-02-02', '2020-02-02', 'password2', 'Sophomore'),
('Ali', 'Hassan', 'alihassan3@student.cis.eg', 'alihassan3', '1997-03-03', '2020-03-03', 'password3', 'Junior'),
('Hassan', 'Ibrahim', 'hassanibrahim4@student.cis.eg', 'hassanibrahim4', '1998-04-04', '2020-04-04', 'password4', 'Senior'),
('Ibrahim', 'Abdel', 'ibrahimabdel5@student.cis.eg', 'ibrahimabdel5', '1999-05-05', '2020-05-05', 'password5', 'Freshman'),
('Abdel', 'Rahman', 'abdelrahman6@student.cis.eg', 'abdelrahman6', '2000-06-06', '2020-06-06', 'password6', 'Sophomore'),
('Rahman', 'Mohamed', 'rahmanmohamed7@student.cis.eg', 'rahmanmohamed7', '2001-07-07', '2020-07-07', 'password7', 'Junior'),
('Mohamed', 'Ahmed', 'ohamedahmed8@student.cis.eg', 'ohamedahmed8', '2002-08-08', '2020-08-08', 'password8', 'Senior'),
('Ahmed', 'Ali', 'ahmedali9@student.cis.eg', 'ahmedali9', '2003-09-09', '2020-09-09', 'password9', 'Freshman'),
('Ali', 'Hassan', 'alihassan10@student.cis.eg', 'alihassan10', '2004-10-10', '2020-10-10', 'password10', 'Sophomore'),
('Hassan', 'Ibrahim', 'hassanibrahim11@student.cis.eg', 'hassanibrahim11', '2005-11-11', '2020-11-11', 'password11', 'Junior'),
('Ibrahim', 'Abdel', 'ibrahimabdel12@student.cis.eg', 'ibrahimabdel12', '2006-12-12', '2020-12-12', 'password12', 'Senior'),
('Abdel', 'Rahman', 'abdelrahman13@student.cis.eg', 'abdelrahman13', '2007-01-01', '2020-01-01', 'password13', 'Freshman'),
('Rahman', 'Mohamed', 'rahmanmohamed14@student.cis.eg', 'rahmanmohamed14', '2008-02-02', '2020-02-02', 'password14', 'Sophomore'),
('Mohamed', 'Ahmed', 'ohamedahmed15@student.cis.eg', 'ohamedahmed15', '2009-03-03', '2020-03-03', 'password15', 'Junior'),
('Ahmed', 'Ali', 'ahmedali16@student.cis.eg', 'ahmedali16', '2010-04-04', '2020-04-04', 'password16', 'Senior'),
('Ali', 'Hassan', 'alihassan17@student.cis.eg', 'alihassan17', '2011-05-05', '2020-05-05', 'password17', 'Freshman'),
('Hassan', 'Ibrahim', 'hassanibrahim18@student.cis.eg', 'hassanibrahim18', '2012-06-06', '2020-06-06', 'password18', 'Sophomore'),
('Ibrahim', 'Abdel', 'ibrahimabdel19@student.cis.eg', 'ibrahimabdel19', '2013-07-07', '2020-07-07', 'password19', 'Junior'),
('Abdel', 'Rahman', 'abdelrahman20@student.cis.eg', 'abdelrahman20', '2014-08-08', '2020-08-08', 'password20', 'Senior'),
('Rahman', 'Mohamed', 'rahmanmohamed21@student.cis.eg', 'rahmanmohamed21', '2015-09-09', '2020-09-09', 'password21', 'Freshman'),
('Mohamed', 'Ahmed', 'ohamedahmed22@student.cis.eg', 'ohamedahmed22', '2016-10-10', '2020-10-10', 'password22', 'Sophomore'),
('Ahmed', 'Ali', 'ahmedali23@student.cis.eg', 'ahmedali23', '2017-11-11', '2020-11-11', 'password23', 'Junior'),
('Ali', 'Hassan', 'alihassan24@student.cis.eg', 'alihassan24', '2018-12-12', '2020-12-12', 'password24', 'Senior'),
('Hassan', 'Ibrahim', 'hassanibrahim25@student.cis.eg', 'hassanibrahim25', '2019-01-01', '2020-01-01', 'password25', 'Freshman'),
('Ibrahim', 'Abdel', 'ibrahimabdel26@student.cis.eg', 'ibrahimabdel26', '2020-02-02', '2020-02-02', 'password26', 'Sophomore'),
('Abdel', 'Rahman', 'abdelrahman27@student.cis.eg', 'abdelrahman27', '2021-03-03', '2020-03-03', 'password27', 'Junior'),
('Rahman', 'Mohamed', 'rahmanmohamed28@student.cis.eg', 'rahmanmohamed28', '2022-04-04', '2020-04-04', 'password28', 'Senior'),
('Mohamed', 'Ahmed', 'ohamedahmed29@student.cis.eg', 'ohamedahmed29', '2023-05-05', '2020-05-05', 'password29', 'Freshman'),
('Ahmed', 'Ali', 'ahmedali30@student.cis.eg', 'ahmedali30', '2024-06-06', '2020-06-06', 'password30', 'Sophomore'),
('Ali', 'Hassan', 'alihassan31@student.cis.eg', 'alihassan31', '2025-07-07', '2020-07-07', 'password31', 'Junior'),
('Hassan', 'Ibrahim', 'hassanibrahim32@student.cis.eg', 'hassanibrahim32', '2026-08-08', '2020-08-08', 'password32', 'Senior'),
('Ibrahim', 'Abdel', 'ibrahimabdel33@student.cis.eg', 'ibrahimabdel33', '2027-09-09', '2020-09-09', 'password33', 'Freshman'),
('Abdel', 'Rahman', 'abdelrahman34@student.cis.eg', 'abdelrahman34', '2028-10-10', '2020-10-10', 'password34', 'Sophomore'),
('Rahman', 'Mohamed', 'rahmanmohamed35@student.cis.eg', 'rahmanmohamed35', '2029-11-11', '2020-11-11', 'password35', 'Junior'),
('Mohamed', 'Ahmed', 'ohamedahmed36@student.cis.eg', 'ohamedahmed36', '2030-12-12', '2020-12-12', 'password36', 'Senior'),
('Ahmed', 'Ali', 'ahmedali37@student.cis.eg', 'ahmedali37', '2031-01-01', '2020-01-01', 'password37', 'Freshman'),
('Ali', 'Hassan', 'alihassan38@student.cis.eg', 'alihassan38', '2032-02-02', '2020-02-02', 'password38', 'Sophomore'),
('Hassan', 'Ibrahim', 'hassanibrahim39@student.cis.eg', 'hassanibrahim39', '2033-03-03', '2020-03-03', 'password39', 'Junior'),
('Ibrahim', 'Abdel', 'ibrahimabdel40@student.cis.eg', 'ibrahimabdel40', '2034-04-04', '2020-04-04', 'password40', 'Senior'),
('Abdel', 'Rahman', 'abdelrahman41@student.cis.eg', 'abdelrahman41', '2035-05-05', '2020-05-05', 'password41', 'Freshman'),
('Rahman', 'Mohamed', 'rahmanmohamed42@student.cis.eg', 'rahmanmohamed42', '2036-06-06', '2020-06-06', 'password42', 'Sophomore'),
('Mohamed', 'Ahmed', 'ohamedahmed43@student.cis.eg', 'ohamedahmed43', '2037-07-07', '2020-07-07', 'password43', 'Junior'),
('Ahmed', 'Ali', 'ahmedali44@student.cis.eg', 'ahmedali44', '2038-08-08', '2020-08-08', 'password44', 'Senior'),
('Ali', 'Hassan', 'alihassan45@student.cis.eg', 'alihassan45', '2039-09-09', '2020-09-09', 'password45', 'Freshman'),
('Hassan', 'Ibrahim', 'hassanibrahim46@student.cis.eg', 'hassanibrahim46', '2040-10-10', '2020-10-10', 'password46', 'Sophomore'),
('Ibrahim', 'Abdel', 'ibrahimabdel47@student.cis.eg', 'ibrahimabdel47', '2041-11-11', '2020-11-11', 'password47', 'Junior'),
('Abdel', 'Rahman', 'abdelrahman48@student.cis.eg', 'abdelrahman48', '2042-12-12', '2020-12-12', 'password48', 'Senior'),
('Rahman', 'Mohamed', 'rahmanmohamed49@student.cis.eg', 'rahmanmohamed49', '2043-01-01', '2020-01-01', 'password49', 'Freshman'),
('Mohamed', 'Ahmed', 'ohamedahmed50@student.cis.eg', 'ohamedahmed50', '2044-02-02', '2020-02-02', 'password50', 'Sophomore');


INSERT INTO Course (id_Course, name_c, year_c)
VALUES
('C1', 'Introduction to Computer Science', '2020'),
('C2', 'Data Structures and Algorithms', '2020'),
('C3', 'Database Systems', '2020'),
('C4', 'Software Engineering', '2020'),
('C5', 'Operating Systems', '2020'),
('C6', 'Computer Networks', '2020'),
('C7', 'Artificial Intelligence', '2020'),
('C8', 'Machine Learning', '2020'),
('C9', 'Web Development', '2020'),
('C10', 'Mobile Application Development', '2020'),
('C11', 'Cybersecurity', '2020'),
('C12', 'Cloud Computing', '2020'),
('C13', 'Internet of Things', '2020'),
('C14', 'Game Development', '2020'),
('C15', 'Computer Graphics', '2020'),
('C16', 'Data Science', '2020'),
('C17', 'Blockchain Technology', '2020'),
('C18', 'Virtual Reality', '2020'),
('C19', 'Augmented Reality', '2020'),
('C20', 'Computer Vision', '2020');
INSERT INTO Teach_course (id_instr_Teach, id_Course_Teach)
VALUES
(1, 'C1'),
(2, 'C2'),
(3, 'C3'),
(4, 'C4'),
(5, 'C5'),
(6, 'C6'),
(7, 'C7'),
(8, 'C8'),
(9, 'C9'),
(10, 'C10'),
(11, 'C11'),
(12, 'C12'),
(13, 'C13'),
(14, 'C14'),
(15, 'C15'),
(16, 'C16'),
(17, 'C17'),
(18, 'C18'),
(19, 'C19'),
(20, 'C20');
INSERT INTO Attendance ( class_date, Id_student, ID_course)
VALUES
( '2020-01-01', 1, 'C1'),
( '2020-01-01', 2, 'C1'),
( '2020-01-01', 3, 'C1'),
( '2020-01-01', 4, 'C1'),
( '2020-01-01', 5, 'C1'),
( '2020-01-01', 6, 'C1'),
( '2020-01-01', 7, 'C1'),
( '2020-01-01', 8, 'C1'),
( '2020-01-01', 9, 'C1'),
( '2020-01-01', 10, 'C1'),
( '2020-01-01', 11, 'C1'),
( '2020-01-01', 12, 'C1'),
( '2020-01-01', 13, 'C1'),
( '2020-01-01', 14, 'C1'),
( '2020-01-01', 15, 'C1'),
( '2020-01-01', 16, 'C1'),
( '2020-01-01', 17, 'C1'),
( '2020-01-01', 18, 'C1'),
( '2020-01-01', 19, 'C1'),
( '2020-01-01', 20, 'C1'),
( '2020-01-01', 21, 'C1'),
( '2020-01-01', 22, 'C1'),
( '2020-01-01', 23, 'C1'),
( '2020-01-01', 24, 'C1'),
( '2020-01-01', 25, 'C1'),
( '2020-01-01', 26, 'C1'),
( '2020-01-01', 27, 'C1'),
( '2020-01-01', 28, 'C1'),
( '2020-01-01', 29, 'C1'),
( '2020-01-01', 30, 'C1'),
( '2020-01-01', 31, 'C1'),
( '2020-01-01', 32, 'C1'),
( '2020-01-01', 33, 'C1'),
( '2020-01-01', 34, 'C1'),
( '2020-01-01', 35, 'C1'),
( '2020-01-01', 36, 'C1'),
( '2020-01-01', 37, 'C1'),
( '2020-01-01', 38, 'C1'),
( '2020-01-01', 39, 'C1'),
( '2020-01-01', 40, 'C1'),
( '2020-01-01', 41, 'C1'),
( '2020-01-01', 42, 'C1'),
( '2020-01-01', 43, 'C1'),
( '2020-01-01', 44, 'C1'),
( '2020-01-01', 45, 'C1'),
( '2020-01-01', 46, 'C1'),
( '2020-01-01', 47, 'C1'),
( '2020-01-01', 48, 'C1'),
( '2020-01-01', 49, 'C1'),
( '2020-01-01', 50, 'C1'),
('2020-01-02', 1, 'C2'),
( '2020-01-02', 2, 'C2'),
( '2020-01-02', 3, 'C2'),
( '2020-01-02', 4, 'C2'),
( '2020-01-02', 5, 'C2'),
( '2020-01-02', 6, 'C2'),
( '2020-01-02', 7, 'C2'),
( '2020-01-02', 8, 'C2'),
( '2020-01-02', 9, 'C2'),
( '2020-01-02', 10, 'C2'),
( '2020-01-02', 11, 'C2'),
( '2020-01-02', 12, 'C2'),
( '2020-01-02', 13, 'C2'),
( '2020-01-02', 14, 'C2'),
( '2020-01-02', 15, 'C2'),
( '2020-01-02', 16, 'C2'),
( '2020-01-02', 17, 'C2'),
( '2020-01-02', 18, 'C2'),
( '2020-01-02', 19, 'C2'),
( '2020-01-02', 20, 'C2'),
( '2020-01-02', 21, 'C2'),
( '2020-01-02', 22, 'C2'),
( '2020-01-02', 23, 'C2'),
( '2020-01-02', 24, 'C2'),
( '2020-01-02', 25, 'C2'),
( '2020-01-02', 26, 'C2'),
( '2020-01-02', 27, 'C2'),
( '2020-01-02', 28, 'C2'),
( '2020-01-02', 29, 'C2'),
( '2020-01-02', 30, 'C2'),
( '2020-01-02', 3, 'C2'),
( '2020-01-02', 4, 'C2'),

( '2020-01-02', 32, 'C2'),
( '2020-01-02', 33, 'C2'),
( '2020-01-02', 6, 'C2'),
( '2020-01-02', 7, 'C2'),
( '2020-01-02', 8, 'C2'),

( '2020-01-02', 10, 'C2'),
('2020-01-02', 35, 'C2'),
( '2020-01-02', 36, 'C2'),
( '2020-01-02', 37, 'C2'),
( '2020-01-02', 39, 'C2'),
('2020-01-02', 13, 'C2'),
( '2020-01-02', 40, 'C2'),
('2020-01-02', 16, 'C2'),
( '2020-01-07',  17, 'C2'),
('2020-01-02', 18, 'C2'),
( '2020-01-02', 19, 'C2'),
( '2020-01-02', 20, 'C2'),
( '2020-01-02', 21, 'C2'),
( '2020-01-02', 22, 'C2'),
( '2020-01-02', 23, 'C2'),
( '2020-01-02', 24, 'C2'),
( '2020-01-02', 25, 'C2'),
( '2020-01-02', 26, 'C2'),
( '2020-01-02', 27, 'C2'),
('2020-01-02', 28, 'C2'),
('2020-01-02', 29, 'C2'),
( '2020-01-02', 30, 'C2'),
( '2020-01-02', 31, 'C2'),
( '2020-01-02', 32, 'C2'),
( '2020-01-02', 33, 'C2'),
( '2020-01-02', 34, 'C2'),
( '2020-01-02', 35, 'C2'),
( '2020-01-02', 36, 'C2'),
( '2020-01-02', 37, 'C2'),
( '2020-01-02', 38, 'C2'),
( '2020-01-02', 39, 'C2'),
( '2020-01-02', 40, 'C2'),
( '2020-01-02', 41, 'C2'),
( '2020-01-02', 42, 'C2'),
( '2020-01-02', 43, 'C2'),
( '2020-01-02', 44, 'C2'),
( '2020-01-02', 45, 'C2'),
( '2020-01-02', 46, 'C2'),
( '2020-01-02', 47, 'C2'),
( '2020-01-02', 48, 'C2'),
( '2020-01-02', 49, 'C2'),
( '2020-01-02', 50, 'C2'); 
INSERT INTO periods (week, state_Student)
VALUES
(1, 'A'),
(2, 'A'),
(3, 'A'),
(4, 'A'),
(5, 'A'),
(6, 'A'),
(7, 'A'),
(8, 'A'),
(9, 'A'),
(10, 'A'),
(11, 'A'),
(12, 'A'),
(13, 'A'),
(14, 'A'),
(15, 'A'),
(1, 'P'),
(2, 'P'),
(3, 'P'),
(4, 'P'),
(5, 'P'),
(6, 'P'),
(7, 'P'),
(8, 'P'),
(9, 'P'),
(10, 'P'),
(11, 'P'),
(12, 'P'),
(13, 'P'),
(14, 'P'),
(15, 'P');
